{
  "family:4a1acab0-da54-462c-84b1-25fd0efa9318:None:None": {
    "ts": 1768060196,
    "ttl": 120,
    "value": {
      "is_contains_voucher": false,
      "package_family": {
        "background_color": "#000000",
        "flag": "NONE",
        "flashsale_background_image_url": "",
        "flashsale_banner_url": "",
        "flashsale_countdown": 0,
        "flashsale_live_duration": 0,
        "flashsale_status": "NA",
        "footer": {
          "action_param": "",
          "action_type": "",
          "background_url": "",
          "icon_url": "",
          "title": ""
        },
        "is_family_plan": false,
        "is_show_about": false,
        "name": "Xtra Combo Flex",
        "package_family_code": "4a1acab0-da54-462c-84b1-25fd0efa9318",
        "package_family_type": "PACKAGE",
        "payment_method": "ANY",
        "plan_type": "NORMAL",
        "rc_banner_information": "",
        "rc_banner_information_icon_url": "",
        "rc_bonus_type": "NONE",
        "rc_valid_until": 0,
        "roaming": {
          "is_hajj": false,
          "is_roaming": false,
          "roaming_countries": []
        },
        "segment_header_image_url": "",
        "tab_about_product": [],
        "tab_about_value": {
          "benefit": {
            "benefit_items": [],
            "cards": [],
            "title": ""
          },
          "description": ""
        }
      },
      "package_variants": [
        {
          "benefits": [
            {
              "icon": "",
              "icon_url": "https://rinjani.myxl.xlaxiata.co.id/media-xl/youtube2x.png?VersionId=msriHZR.S46J9o7f7J4XkINg2cMEOQ01",
              "name": "Kuota internet & YouTube",
              "order": 0
            },
            {
              "icon": "",
              "icon_url": "https://rinjani.myxl.xlaxiata.co.id/media-xl/reload2x.png?VersionId=CtiHZLbhpXFQzNFroN3r8pc60NChEcrO",
              "name": "Bonus untuk area tertentu",
              "order": 0
            }
          ],
          "display_name": "\u200e \u200e",
          "icon_emoticon_url": "",
          "image": "",
          "image_url": "",
          "information_card": {
            "description": "",
            "image_url": "",
            "title": ""
          },
          "is_ios_disabled": false,
          "is_referral": false,
          "name": "\u200e \u200e",
          "order": 0,
          "package_index_by_validity": 0,
          "package_options": [
            {
              "action_param": "",
              "action_type": "",
              "background_image_url": "",
              "background_mode": "",
              "bonus_quota": 0,
              "check_stock": false,
              "discount_percentage": 12,
              "dynamic_ribbon": "",
              "event_end": 0,
              "event_inactive_notice": "",
              "event_info_list": [],
              "event_recurring": "",
              "event_start": 0,
              "event_status": "ACTIVE",
              "event_tag": "",
              "family_plan": {},
              "frequency": 0,
              "has_loyalty_tier_benefit": false,
              "has_promo": false,
              "header_image_url": "",
              "icon": "",
              "icon_url": "https://rinjani.myxl.xlaxiata.co.id/media-xl/internet2x_1.png?VersionId=4ekPUnCkQpvasggvJsLncONsR2Q2Eqlv",
              "information": "",
              "is_autobuy_eligible": false,
              "is_mccm": false,
              "is_paylater_available": false,
              "is_prio_upsell": false,
              "is_referral": false,
              "is_voucher": false,
              "name": "Xtra Combo Flex S",
              "order": 1,
              "original_price": 25000,
              "package_option_code": "U0NfX10KKXYIINXDE0JUD5zzLH5v7Ozrao8-552DePwOWHvRSmqgBoDO-xAmU33ntc8IPvygAK6cml1kH1Tdjqk",
              "paylater_icon_url": "",
              "point": 0,
              "point_status": "NA",
              "price": 22000,
              "ribbon_color": "",
              "ribbon_mode": "",
              "stock_attributes": {
                "stock": 0,
                "stock_background_color": "",
                "stock_icon_url": "",
                "stock_label": "",
                "stock_text_color": ""
              },
              "stock_info": {
                "stock": 0,
                "threshold": 0
              },
              "tagging": "",
              "top_banner_icon_url": "",
              "top_banner_title": "",
              "total_tier_quota": 0,
              "valid_until": 0,
              "validity": "30 Day",
              "validity_in_days": 30
            },
            {
              "action_param": "",
              "action_type": "",
              "background_image_url": "",
              "background_mode": "",
              "bonus_quota": 0,
              "check_stock": false,
              "discount_percentage": 6,
              "dynamic_ribbon": "",
              "event_end": 0,
              "event_inactive_notice": "",
              "event_info_list": [],
              "event_recurring": "",
              "event_start": 0,
              "event_status": "ACTIVE",
              "event_tag": "",
              "family_plan": {},
              "frequency": 0,
              "has_loyalty_tier_benefit": false,
              "has_promo": false,
              "header_image_url": "",
              "icon": "",
              "icon_url": "https://rinjani.myxl.xlaxiata.co.id/media-xl/internet2x_1.png?VersionId=4ekPUnCkQpvasggvJsLncONsR2Q2Eqlv",
              "information": "",
              "is_autobuy_eligible": false,
              "is_mccm": false,
              "is_paylater_available": false,
              "is_prio_upsell": false,
              "is_referral": false,
              "is_voucher": false,
              "name": "Xtra Combo Flex S+",
              "order": 2,
              "original_price": 34000,
              "package_option_code": "U0NfX9EEHIjr8_TCrm3eZuv7_2WYG6AHiPDb-GgjXE9ZPWmvtRXhSzD9B0xHb6SKnGyhnOXYavB6mqbEXC72Mjc",
              "paylater_icon_url": "",
              "point": 0,
              "point_status": "NA",
              "price": 32000,
              "ribbon_color": "",
              "ribbon_mode": "",
              "stock_attributes": {
                "stock": 0,
                "stock_background_color": "",
                "stock_icon_url": "",
                "stock_label": "",
                "stock_text_color": ""
              },
              "stock_info": {
                "stock": 0,
                "threshold": 0
              },
              "tagging": "",
              "top_banner_icon_url": "",
              "top_banner_title": "",
              "total_tier_quota": 0,
              "valid_until": 0,
              "validity": "30 Day",
              "validity_in_days": 30
            },
            {
              "action_param": "",
              "action_type": "",
              "background_image_url": "",
              "background_mode": "",
              "bonus_quota": 0,
              "check_stock": false,
              "discount_percentage": 5,
              "dynamic_ribbon": "",
              "event_end": 0,
              "event_inactive_notice": "",
              "event_info_list": [],
              "event_recurring": "",
              "event_start": 0,
              "event_status": "ACTIVE",
              "event_tag": "",
              "family_plan": {},
              "frequency": 0,
              "has_loyalty_tier_benefit": false,
              "has_promo": false,
              "header_image_url": "",
              "icon": "",
              "icon_url": "https://rinjani.myxl.xlaxiata.co.id/media-xl/internet2x.png?VersionId=8Gs3AMkwato1Se2fe7t4oHEddRCtmcY2",
              "information": "",
              "is_autobuy_eligible": false,
              "is_mccm": false,
              "is_paylater_available": false,
              "is_prio_upsell": false,
              "is_referral": false,
              "is_voucher": false,
              "name": "Xtra Combo Flex M",
              "order": 3,
              "original_price": 45000,
              "package_option_code": "U0NfXzryKqR08rt8zrxRUlD0G5PkZlAKe2PvnAPG0eJcDLTysyxOrbKNsAtWAP0LCzeEIdaDArmEqYRQq6RRc9U",
              "paylater_icon_url": "",
              "point": 0,
              "point_status": "NA",
              "price": 43000,
              "ribbon_color": "",
              "ribbon_mode": "",
              "stock_attributes": {
                "stock": 0,
                "stock_background_color": "",
                "stock_icon_url": "",
                "stock_label": "",
                "stock_text_color": ""
              },
              "stock_info": {
                "stock": 0,
                "threshold": 0
              },
              "tagging": "",
              "top_banner_icon_url": "",
              "top_banner_title": "",
              "total_tier_quota": 0,
              "valid_until": 0,
              "validity": "30 Day",
              "validity_in_days": 30
            },
            {
              "action_param": "",
              "action_type": "",
              "background_image_url": "",
              "background_mode": "",
              "bonus_quota": 0,
              "check_stock": false,
              "discount_percentage": 0,
              "dynamic_ribbon": "",
              "event_end": 0,
              "event_inactive_notice": "",
              "event_info_list": [],
              "event_recurring": "",
              "event_start": 0,
              "event_status": "ACTIVE",
              "event_tag": "",
              "family_plan": {},
              "frequency": 0,
              "has_loyalty_tier_benefit": false,
              "has_promo": false,
              "header_image_url": "",
              "icon": "",
              "icon_url": "https://rinjani.myxl.xlaxiata.co.id/media-xl/internet2x.png?VersionId=8Gs3AMkwato1Se2fe7t4oHEddRCtmcY2",
              "information": "",
              "is_autobuy_eligible": false,
              "is_mccm": false,
              "is_paylater_available": false,
              "is_prio_upsell": false,
              "is_referral": false,
              "is_voucher": false,
              "name": "Xtra Combo Flex L",
              "order": 4,
              "original_price": 0,
              "package_option_code": "U0NfX8w4odQ5zZR4V0-vTzeTHdTufrEEFxhkHCbCVbJA49KqLW2ahmuA2UJ_oLubm-OZmIpHVQHKtbeNx4y4tmg",
              "paylater_icon_url": "",
              "point": 0,
              "point_status": "NA",
              "price": 65000,
              "ribbon_color": "",
              "ribbon_mode": "",
              "stock_attributes": {
                "stock": 0,
                "stock_background_color": "",
                "stock_icon_url": "",
                "stock_label": "",
                "stock_text_color": ""
              },
              "stock_info": {
                "stock": 0,
                "threshold": 0
              },
              "tagging": "",
              "top_banner_icon_url": "",
              "top_banner_title": "",
              "total_tier_quota": 0,
              "valid_until": 0,
              "validity": "30 Day",
              "validity_in_days": 30
            },
            {
              "action_param": "",
              "action_type": "",
              "background_image_url": "",
              "background_mode": "",
              "bonus_quota": 0,
              "check_stock": false,
              "discount_percentage": 0,
              "dynamic_ribbon": "",
              "event_end": 0,
              "event_inactive_notice": "",
              "event_info_list": [],
              "event_recurring": "",
              "event_start": 0,
              "event_status": "ACTIVE",
              "event_tag": "",
              "family_plan": {},
              "frequency": 0,
              "has_loyalty_tier_benefit": false,
              "has_promo": false,
              "header_image_url": "",
              "icon": "",
              "icon_url": "https://rinjani.myxl.xlaxiata.co.id/media-xl/internet2x.png?VersionId=8Gs3AMkwato1Se2fe7t4oHEddRCtmcY2",
              "information": "",
              "is_autobuy_eligible": false,
              "is_mccm": false,
              "is_paylater_available": false,
              "is_prio_upsell": false,
              "is_referral": false,
              "is_voucher": false,
              "name": "Xtra Combo Flex XL",
              "order": 5,
              "original_price": 0,
              "package_option_code": "U0NfXzws80teNFb5_SMRRc9_zzc8cZkO75cYSNbZu1W3DeeFIttjMNa7_h2ubkY8got2scV-t3433UiYvn3jxts",
              "paylater_icon_url": "",
              "point": 0,
              "point_status": "NA",
              "price": 93000,
              "ribbon_color": "",
              "ribbon_mode": "",
              "stock_attributes": {
                "stock": 0,
                "stock_background_color": "",
                "stock_icon_url": "",
                "stock_label": "",
                "stock_text_color": ""
              },
              "stock_info": {
                "stock": 0,
                "threshold": 0
              },
              "tagging": "",
              "top_banner_icon_url": "",
              "top_banner_title": "",
              "total_tier_quota": 0,
              "valid_until": 0,
              "validity": "30 Day",
              "validity_in_days": 30
            },
            {
              "action_param": "",
              "action_type": "",
              "background_image_url": "",
              "background_mode": "",
              "bonus_quota": 0,
              "check_stock": false,
              "discount_percentage": 0,
              "dynamic_ribbon": "",
              "event_end": 0,
              "event_inactive_notice": "",
              "event_info_list": [],
              "event_recurring": "",
              "event_start": 0,
              "event_status": "ACTIVE",
              "event_tag": "",
              "family_plan": {},
              "frequency": 0,
              "has_loyalty_tier_benefit": false,
              "has_promo": false,
              "header_image_url": "",
              "icon": "",
              "icon_url": "https://rinjani.myxl.xlaxiata.co.id/media-xl/internet2x.png?VersionId=8Gs3AMkwato1Se2fe7t4oHEddRCtmcY2",
              "information": "",
              "is_autobuy_eligible": false,
              "is_mccm": false,
              "is_paylater_available": false,
              "is_prio_upsell": false,
              "is_referral": false,
              "is_voucher": false,
              "name": "Xtra Combo Flex XXL",
              "order": 6,
              "original_price": 0,
              "package_option_code": "U0NfX46imbhIzed1lstqsCpj6xFvGzEKqQAeLeWx4z-_lfbhJltIt_9CPcy5h2A2rzFA9TvM-z316164yxB8Z9E",
              "paylater_icon_url": "",
              "point": 0,
              "point_status": "NA",
              "price": 126000,
              "ribbon_color": "",
              "ribbon_mode": "",
              "stock_attributes": {
                "stock": 0,
                "stock_background_color": "",
                "stock_icon_url": "",
                "stock_label": "",
                "stock_text_color": ""
              },
              "stock_info": {
                "stock": 0,
                "threshold": 0
              },
              "tagging": "",
              "top_banner_icon_url": "",
              "top_banner_title": "",
              "total_tier_quota": 0,
              "valid_until": 0,
              "validity": "30 Day",
              "validity_in_days": 30
            },
            {
              "action_param": "",
              "action_type": "",
              "background_image_url": "",
              "background_mode": "",
              "base_package_quota": 4608,
              "bonus_quota": 0,
              "check_stock": false,
              "discount_percentage": 0,
              "dynamic_ribbon": "",
              "event_end": 0,
              "event_inactive_notice": "",
              "event_info_list": [],
              "event_recurring": "",
              "event_start": 0,
              "event_status": "ACTIVE",
              "event_tag": "",
              "family_plan": {},
              "frequency": 0,
              "has_loyalty_tier_benefit": false,
              "has_promo": false,
              "header_image_url": "",
              "icon": "",
              "icon_url": "https://rinjani.myxl.xlaxiata.co.id/media-xl/internet2x.png?VersionId=8Gs3AMkwato1Se2fe7t4oHEddRCtmcY2",
              "information": "",
              "is_autobuy_eligible": false,
              "is_mccm": false,
              "is_paylater_available": false,
              "is_prio_upsell": false,
              "is_referral": false,
              "is_voucher": false,
              "name": "Xtra Combo Flex XXXL",
              "order": 7,
              "original_price": 0,
              "package_option_code": "U0NfX8aldHZvJZvMwyjVXTWLgpXjIwgRP_l6E3lYzx5xs3ExgyYh-GNhSyhbWT6nl0_9Lvz2zPC873S7k1qSBp0",
              "paylater_icon_url": "",
              "point": 0,
              "point_status": "NA",
              "price": 156000,
              "ribbon_color": "",
              "ribbon_mode": "",
              "stock_attributes": {
                "stock": 0,
                "stock_background_color": "",
                "stock_icon_url": "",
                "stock_label": "",
                "stock_text_color": ""
              },
              "stock_info": {
                "stock": 0,
                "threshold": 0
              },
              "tagging": "",
              "top_banner_icon_url": "",
              "top_banner_title": "",
              "total_tier_quota": 0,
              "valid_until": 0,
              "validity": "30 Day",
              "validity_in_days": 30
            }
          ],
          "package_variant_code": "56369dfb-ab8b-4c03-a37b-a2cd395be6eb",
          "quota_label": "",
          "segments": [],
          "start_from_validity": 0,
          "variant_type": "DEFAULT"
        }
      ],
      "stock_attributes": [
        {
          "stock": 0,
          "stock_background_color": "#D1D1D1",
          "stock_icon_url": "https://rinjani.myxl.xlaxiata.co.id/media-xl/menipis.png?VersionId=null",
          "stock_label": "Habis",
          "stock_text_color": "#898080"
        },
        {
          "stock": 10,
          "stock_background_color": "#F287D0",
          "stock_icon_url": "https://rinjani.myxl.xlaxiata.co.id/media-xl/grinmacing-face-emoji.png?VersionId=null",
          "stock_label": "Segera Habis",
          "stock_text_color": "#D5019D"
        },
        {
          "stock": 50,
          "stock_background_color": "#F0BD75",
          "stock_icon_url": "https://rinjani.myxl.xlaxiata.co.id/media-xl/diminati-1_0.png?VersionId=null",
          "stock_label": "Sedang Diminati",
          "stock_text_color": "#D3810D"
        },
        {
          "stock": 100,
          "stock_background_color": "#A7ECCE",
          "stock_icon_url": "https://rinjani.myxl.xlaxiata.co.id/media-xl/tersedia-1.png?VersionId=null",
          "stock_label": "Tersedia",
          "stock_text_color": "#00C76A"
        }
      ]
    }
  }
}